Date,Open,High,Low,Last Close
2018-01-05,219,219,219,219
2018-01-08,221,221,221,221
2018-01-09,223,223,223,223
2018-01-10,221,221,221,221
2018-01-11,220,220,220,220
2018-01-12,221,221,221,221
2018-01-15,219,219,219,219
2018-01-16,220,220,220,220
2018-01-17,220,220,220,220
2018-01-18,220,220,220,220
2018-01-19,221,221,221,221
2018-01-22,221,221,221,221
2018-01-23,223,223,223,223
2018-01-24,221,221,221,221
2018-01-25,219,219,219,219
2018-01-26,221,221,221,221
2018-01-29,223,223,223,223
2018-01-30,220,220,220,220
2018-01-31,219,219,219,219
2018-02-01,218,218,218,218
2018-02-05,213,213,213,213
2018-02-06,203,203,203,203
2018-02-08,208,208,208,208
2018-02-09,204,204,204,204
2018-02-12,207,207,207,207
2018-02-13,207,207,207,207
2018-02-14,208,208,208,208
2018-02-15,209,209,209,209
2018-02-16,213,213,213,213
2018-02-19,212,212,212,212
2018-02-20,212,214,212,214
2018-02-21,214,214,214,214
2018-02-22,213,213,213,213
2018-02-23,214,214,214,214
2018-02-26,216,217,216,217
2018-02-27,218,218,218,218
2018-02-28,217,217,217,217
2018-03-01,214,214,214,214
2018-03-02,209,209,209,209
2018-03-05,212,212,212,212
2018-03-06,211,211,211,211
2018-03-07,212,212,212,212
2018-03-08,214,214,214,214
2018-03-09,217,217,217,217
2018-03-12,219,219,219,219
2018-03-13,216,216,216,216
2018-03-14,217,217,215,215
2018-03-15,216,216,216,216
2018-03-16,217,217,217,217
2018-03-19,213,213,213,213
2018-03-20,213,213,213,213
2018-03-21,215,215,215,215
2018-03-22,210,210,210,210
2018-03-23,206,206,206,206
2018-03-27,207,207,207,207
2018-03-28,203,203,203,203
2018-03-29,207,207,207,207
2018-04-03,207,207,205,205
2018-04-04,205,205,205,205
2018-04-05,211,211,211,211
2018-04-06,207,207,207,207
2018-04-09,207,207,207,207
2018-04-10,208,208,208,208
2018-04-11,207,207,207,207
2018-04-12,209,209,209,209
2018-04-13,209,209,209,209
2018-04-16,209,209,209,209
2018-04-17,212,212,212,212
2018-04-18,212,212,212,212
2018-04-19,211,211,211,211
2018-04-20,211,211,211,211
2018-04-23,212,212,212,212
2018-04-24,211,211,211,211
2018-04-25,209,209,209,209
2018-04-26,212,212,212,212
2018-04-27,213,213,213,213
2018-04-30,214,214,214,214
2018-05-02,214,214,214,214
2018-05-03,210,210,210,210
2018-05-04,215,215,215,215
2018-05-07,217,217,217,217
2018-05-08,218,218,218,218
2018-05-09,219,219,219,219
2018-05-11,221,221,221,221
2018-05-14,221,221,221,221
2018-05-15,221,221,221,221
2018-05-16,223,223,223,223
2018-05-17,224,224,224,224
2018-05-18,224,224,224,224
2018-05-22,225,225,225,225
2018-05-23,225,225,225,225
2018-05-24,226,226,225,225
2018-05-25,226,226,226,226
2018-05-28,227,227,227,227
2018-05-29,226,226,226,226
2018-06-04,227,227,227,227
2018-06-05,228,228,228,228
2018-06-06,227,227,227,227
2018-06-07,227,227,227,227
2018-06-08,228,228,228,228
2018-06-11,229,229,229,229
2018-06-12,229,229,229,229
2018-06-13,230,230,230,230
2018-06-14,232,232,232,232
2018-06-15,231,231,231,231
2018-06-18,231,231,231,231
2018-06-19,231,231,231,231
2018-06-20,232,232,232,232
2018-06-21,232,232,232,232
2018-06-22,230,230,230,230
2018-06-25,225,225,225,225
2018-06-26,226,226,226,226
2018-06-27,228,228,228,228
2018-06-28,229,229,229,229
2018-06-29,228,228,228,228
2018-07-02,227,227,227,227
2018-07-03,227,227,227,227
2018-07-04,227,227,227,227
2018-07-06,228,228,228,228
2018-07-09,229,229,229,229
2018-07-10,231,231,231,231
2018-07-11,230,230,230,230
2018-07-12,232,232,232,232
2018-07-13,233,233,233,233
2018-07-16,232,232,232,232
2018-07-17,233,233,233,233
2018-07-18,235,235,235,235
2018-07-19,235,235,235,235
2018-07-20,233,233,233,233
2018-07-23,233,233,233,233
2018-07-24,234,234,234,234
2018-07-25,235,235,235,235
2018-07-26,237,237,237,237
2018-07-27,236,236,236,236
2018-07-30,233,233,233,233
2018-07-31,234,234,234,234
2018-08-01,234,234,234,234
2018-08-02,235,235,235,235
2018-08-03,237,237,237,237
2018-08-06,239,239,239,239
2018-08-07,240,240,240,240
2018-08-08,239,239,239,239
2018-08-09,240,240,240,240
2018-08-10,242,242,242,242
2018-08-13,241,241,241,241
2018-08-14,242,242,242,242
2018-08-16,243,243,243,243
2018-08-17,241,241,241,241
2018-08-20,242,242,242,242
2018-08-21,237,237,237,237
2018-08-22,239,239,239,239
2018-08-23,239,239,239,239
2018-08-24,239,239,239,239
2018-08-27,240,240,240,240
2018-08-28,240,240,240,240
2018-08-29,241,241,241,241
2018-08-30,243,243,243,243
2018-08-31,243,243,243,243
2018-09-03,244,244,244,244
2018-09-04,243,243,243,243
2018-09-05,240,240,240,240
2018-09-06,240,240,240,240
2018-09-07,241,241,241,241
2018-09-10,242,242,242,242
2018-09-11,241,241,241,241
2018-09-12,242,242,242,242
2018-09-13,242,242,242,242
2018-09-14,243,243,243,243
2018-09-17,242,242,242,242
2018-09-18,242,242,242,242
2018-09-19,243,243,243,243
2018-09-20,243,243,243,243
2018-09-21,244,244,244,244
2018-09-24,242,242,242,242
2018-09-25,242,242,242,242
2018-09-26,242,242,242,242
2018-09-27,244,244,244,244
2018-09-28,245,245,245,245
2018-10-01,248,248,247,247
2018-10-02,247,247,247,247
2018-10-03,249,249,249,249
2018-10-04,246,246,246,246
2018-10-05,245,245,245,245
2018-10-08,244,244,244,244
2018-10-09,245,245,245,245
2018-10-10,240,240,240,240
2018-10-11,233,233,233,233
2018-10-12,233,233,233,233
2018-10-15,233,233,233,233
2018-10-16,235,235,235,235
2018-10-17,236,236,236,236
2018-10-18,236,236,236,236
2018-10-19,236,236,236,236
2018-10-22,235,235,235,235
2018-10-23,231,231,231,231
2018-10-24,231,231,231,231
2018-10-25,232,232,232,232
2018-10-29,229,229,229,229
2018-10-30,228,228,228,228
2018-10-31,234,234,234,234
2018-11-02,235,235,233,233
2018-11-05,233,233,233,233
2018-11-06,235,235,235,235
2018-11-07,237,237,237,237
2018-11-08,240,240,240,240
2018-11-09,240,240,240,240
2018-11-12,238,238,238,238
2018-11-13,238,238,238,238
2018-11-14,234,234,234,234
2018-11-15,233,233,233,233
2018-11-16,234,234,234,234
2018-11-19,231,231,231,231
2018-11-20,227,227,227,227
2018-11-21,229,229,229,229
2018-11-22,226,226,226,226
2018-11-23,228,228,228,228
2018-11-26,229,229,229,229
2018-11-27,231,231,231,231
2018-11-28,233,233,233,233
2018-11-29,235,235,235,235
2018-11-30,236,236,236,236
2018-12-03,242,242,240,240
2018-12-04,239,239,238,238
2018-12-05,234,234,233,233
2018-12-06,231,231,226,226
2018-12-07,230,230,228,228
2018-12-10,225,225,224,224
2018-12-11,227,229,227,229
2018-12-12,229,230,229,230
2018-12-13,229,229,229,229
2018-12-14,226,227,226,227
2018-12-17,225,225,224,224
2018-12-18,220,220,220,220
2018-12-19,219,219,219,219
2018-12-20,213,213,213,213
2018-12-21,212,212,212,212
2018-12-27,211,211,209,209
2018-12-28,212,212,212,212
2019-01-02,211,216,211,216
2019-01-03,213,213,212,212
2019-01-04,213,216,213,216
2019-01-07,217,217,217,217
2019-01-08,219,220,218,218
2019-01-09,220,221,220,220
2019-01-10,218,220,218,220
2019-01-11,220,221,220,221
2019-01-14,220,220,220,220
2019-01-15,221,223,221,223
2019-01-16,224,225,224,225
2019-01-17,224,225,224,225
2019-01-18,227,230,227,230
2019-01-21,229,229,229,229
2019-01-22,229,229,228,228
2019-01-23,226,226,226,226
2019-01-24,227,228,227,228
2019-01-25,229,230,229,229
2019-01-28,228,228,226,226
2019-01-29,226,226,226,226
2019-01-30,227,228,227,228
2019-01-31,229,231,229,231
2019-02-01,232,232,231,231
2019-02-04,232,232,232,232
2019-02-05,233,235,233,235
2019-02-06,235,235,235,235
2019-02-07,235,235,234,234
2019-02-08,233,233,233,233
2019-02-11,234,235,234,235
2019-02-12,236,237,236,237
2019-02-13,238,239,238,239
2019-02-14,240,240,238,238
2019-02-15,238,241,238,241
2019-02-18,241,241,241,241
2019-02-19,241,241,240,240
2019-02-20,240,240,240,240
2019-02-21,242,242,240,240
2019-02-22,240,242,240,242
2019-02-25,243,243,243,243
2019-02-26,241,242,241,242
2019-02-27,240,240,240,240
2019-02-28,240,240,240,240
2019-03-01,241,241,241,241
2019-03-04,243,243,242,242
2019-03-05,242,243,242,243
2019-03-06,242,242,241,241
2019-03-07,240,241,240,241
2019-03-08,241,241,239,239
2019-03-11,240,243,240,243
2019-03-12,243,243,243,243
2019-03-13,243,244,243,244
2019-03-14,244,244,244,244
2019-03-15,244,245,244,245
2019-03-18,245,245,245,245
2019-03-19,246,247,246,247
2019-03-20,244,244,244,244
2019-03-21,242,246,242,246
2019-03-22,246,246,244,244
2019-03-25,245,245,243,243
2019-03-26,244,245,244,245
2019-03-27,246,246,244,244
2019-03-28,245,246,245,246
2019-03-29,247,247,247,247
2019-04-01,249,250,249,250
2019-04-02,252,252,252,252
2019-04-03,252,252,252,252
2019-04-04,251,252,251,252
2019-04-05,252,253,252,253
2019-04-08,253,253,253,253
2019-04-09,251,251,251,251
2019-04-10,251,252,251,252
2019-04-11,251,252,251,252
2019-04-12,252,252,252,252
2019-04-15,253,253,252,252
2019-04-16,253,253,253,253
2019-04-17,253,253,252,252
2019-04-18,252,254,252,254
2019-04-23,255,257,255,257
2019-04-24,257,258,257,258
2019-04-25,259,259,259,259
2019-04-26,258,258,258,258
2019-04-29,259,259,259,259
2019-04-30,259,259,257,257
2019-05-02,257,257,256,256
2019-05-03,259,259,258,258
2019-05-06,258,258,257,257
2019-05-07,257,257,254,254
2019-05-08,254,254,254,254
2019-05-09,259,259,249,249
2019-05-10,252,252,248,248
2019-05-13,250,250,247,247
2019-05-14,247,250,247,250
2019-05-15,249,250,249,250
2019-05-16,254,254,254,254
2019-05-17,254,254,254,254
2019-05-20,253,253,251,251
2019-05-21,252,253,252,253
2019-05-22,253,253,253,253
2019-05-23,251,251,249,249
2019-05-24,249,249,248,248
2019-05-27,249,249,249,249
2019-05-28,248,249,248,249
2019-05-29,246,246,246,246
2019-05-30,246,247,246,247
2019-05-31,244,245,244,245
2019-06-03,242,243,242,243
2019-06-04,240,240,240,240
2019-06-05,246,247,246,247
2019-06-06,248,248,247,247
2019-06-07,250,250,250,250
2019-06-11,252,252,252,252
2019-06-12,250,252,250,251
2019-06-13,251,253,251,253
2019-06-14,253,254,253,254
2019-06-17,256,256,254,254
2019-06-18,254,258,254,258
2019-06-19,257,257,257,257
2019-06-20,257,257,257,257
2019-06-21,258,258,258,258
2019-06-24,255,256,255,256
2019-06-25,254,254,254,254
2019-06-26,254,254,253,253
2019-06-27,254,254,254,254
2019-06-28,254,254,254,254
2019-07-01,258,258,258,258
2019-07-02,260,260,259,259
2019-07-03,261,261,261,261
2019-07-04,263,263,262,262
2019-07-05,263,263,262,262
2019-07-08,263,263,262,262
2019-07-09,261,262,261,262
2019-07-10,262,262,262,262
2019-07-11,263,263,263,263
2019-07-12,264,264,264,264
2019-07-15,267,267,264,264
2019-07-16,264,265,264,265
2019-07-17,266,266,263,263
2019-07-18,262,262,262,262
2019-07-19,268,268,264,264
2019-07-22,262,262,262,262
2019-07-23,264,265,264,265
2019-07-24,266,266,266,266
2019-07-25,266,266,266,266
2019-07-26,266,268,266,268
2019-07-30,268,268,267,267
2019-07-31,265,267,265,267
2019-08-01,267,269,267,269
2019-08-02,260,262,260,260
2019-08-05,258,258,253,253
2019-08-06,250,252,250,252
2019-08-07,254,254,251,251
2019-08-08,257,257,257,257
2019-08-09,258,258,256,256
2019-08-12,257,257,255,255
2019-08-13,254,258,254,258
2019-08-14,259,259,245,253
2019-08-15,253,253,253,253
2019-08-16,253,257,253,257
2019-08-19,259,260,259,260
2019-08-20,260,260,260,260
2019-08-21,259,285,259,260
2019-08-22,260,260,260,260
2019-08-23,261,261,255,255
2019-08-26,255,255,255,255
2019-08-27,255,256,255,256
2019-08-28,256,257,256,257
2019-08-29,257,261,257,261
2019-08-30,263,263,263,263
2019-09-02,262,263,262,263
2019-09-03,263,263,262,262
2019-09-04,265,265,263,263
2019-09-05,265,267,265,267
2019-09-06,267,267,267,267
2019-09-09,268,268,267,267
2019-09-10,267,267,265,265
2019-09-11,267,269,267,269
2019-09-12,270,270,270,270
2019-09-13,269,269,269,269
2019-09-16,270,270,270,270
2019-09-17,270,270,269,269
2019-09-18,269,269,268,268
2019-09-19,268,271,268,271
2019-09-20,271,271,271,271
2019-09-23,270,270,270,270
2019-09-24,270,270,269,269
2019-09-25,268,268,268,268
2019-09-26,270,270,269,269
2019-09-27,270,270,270,270
2019-09-30,270,270,270,270
2019-10-01,271,271,269,269
2019-10-02,267,267,261,261
2019-10-03,262,262,261,261
2019-10-04,263,265,263,265
2019-10-07,265,266,265,266
2019-10-08,266,266,266,266
2019-10-09,262,263,262,263
2019-10-10,263,265,263,265
2019-10-14,269,269,267,267
2019-10-15,268,269,268,269
2019-10-16,269,269,268,268
2019-10-17,268,268,267,267
2019-10-18,267,267,266,266
2019-10-21,266,267,266,267
2019-10-22,268,268,268,268
2019-10-23,268,268,268,268
2019-10-24,268,269,268,269
2019-10-25,267,270,267,270
2019-10-28,271,272,271,272
2019-10-29,272,272,272,272
2019-10-30,271,272,270,271
2019-10-31,271,271,269,269
2019-11-01,270,272,270,272
2019-11-04,273,274,273,274
2019-11-05,275,276,275,276
2019-11-06,275,275,275,275
2019-11-07,277,278,277,278
2019-11-08,278,278,278,278
2019-11-11,278,278,277,277
2019-11-12,278,279,278,279
2019-11-13,280,280,279,279
2019-11-14,279,279,279,279
2019-11-15,280,280,280,280
2019-11-18,280,280,279,279
2019-11-19,279,279,279,279
2019-11-20,279,280,279,280
2019-11-21,278,278,278,278
2019-11-22,279,279,279,279
2019-11-25,281,282,281,282
2019-11-26,283,283,283,283
2019-11-27,284,284,284,284
2019-11-28,284,284,284,284
2019-11-29,285,285,284,284
2019-12-02,285,285,279,279
2019-12-03,280,280,276,276
2019-12-04,276,279,276,279
2019-12-05,280,280,278,278
2019-12-06,279,283,279,283
2019-12-09,283,283,282,282
2019-12-10,282,282,281,281
2019-12-11,281,281,281,281
2019-12-12,281,283,281,283
2019-12-13,284,284,283,283
2019-12-16,284,286,284,286
2019-12-17,285,285,285,285
2019-12-18,285,286,285,286
2019-12-19,286,286,286,286
2019-12-20,287,290,287,290
2019-12-23,289,289,289,289
2019-12-27,290,290,289,289
2019-12-30,290,290,288,288
2020-01-02,288,288,288,288
2020-01-03,288,288,288,288
2020-01-06,287,288,287,288
2020-01-07,289,290,289,290
2020-01-08,289,291,289,291
2020-01-09,292,293,292,293
2020-01-10,294,294,293,293
2020-01-13,293,293,293,293
2020-01-14,293,294,293,294
2020-01-15,294,294,294,294
2020-01-16,295,295,295,295
2020-01-17,296,298,296,298
2020-01-20,298,298,298,298
2020-01-21,298,298,297,298
2020-01-22,299,299,299,299
2020-01-23,299,299,298,298
2020-01-24,299,299,299,299
2020-01-27,295,295,293,293
2020-01-28,295,296,295,296
2020-01-29,298,298,297,297
2020-01-30,293,294,293,294
2020-01-31,295,295,291,291
2020-02-03,291,293,291,293
2020-02-04,295,298,295,298
2020-02-05,297,297,297,297
2020-02-06,304,304,303,303
2020-02-07,304,304,304,304
2020-02-10,306,306,305,305
2020-02-11,308,308,307,307
2020-02-12,308,309,308,309
2020-02-13,309,310,308,310
2020-02-14,312,312,311,311
2020-02-17,312,312,312,312
2020-02-18,310,310,310,310
2020-02-19,311,313,311,313
2020-02-20,313,313,310,310
2020-02-21,309,309,307,307
2020-02-24,298,298,298,298
2020-02-25,300,300,300,300
2020-02-26,289,291,289,291
2020-02-27,283,283,277,277
2020-02-28,265,265,265,265
2020-03-02,268,270,265,270
2020-03-03,276,277,272,272
2020-03-04,272,277,272,274
2020-03-05,277,277,274,274
2020-03-06,260,260,260,260
2020-03-09,260,260,244,244
2020-03-10,249,253,244,244
2020-03-11,246,246,246,246
2020-03-12,228,228,228,228
2020-03-13,229,229,228,228
2020-03-16,230,230,225,225
2020-03-17,230,230,228,228
2020-03-18,219,219,219,219
2020-03-19,221,223,221,223
2020-03-20,221,221,221,221
2020-03-23,204,204,204,204
2020-03-24,225,225,225,225
2020-03-25,231,231,231,231
2020-03-26,223,235,223,235
2020-03-27,230,230,230,230
2020-03-30,236,236,236,236
2020-03-31,239,239,239,239
2020-04-01,229,229,229,229
2020-04-03,231,231,231,231
2020-04-06,241,241,241,241
2020-04-07,249,249,249,249
2020-04-08,248,249,248,249
2020-04-09,252,255,252,255
2020-04-14,257,257,257,257
2020-04-15,257,257,254,254
2020-04-16,258,258,258,258
2020-04-17,260,260,260,260
2020-04-20,263,263,263,263
2020-04-21,262,262,252,252
2020-04-22,258,258,258,258
2020-04-23,258,262,258,262
2020-04-24,260,260,259,259
2020-04-27,262,265,262,265
2020-04-28,274,274,266,266
2020-04-29,268,270,268,270
2020-04-30,266,266,266,266
2020-05-04,257,258,257,258
2020-05-05,263,267,263,267
2020-05-06,267,267,266,266
2020-05-07,266,268,266,268
2020-05-08,269,269,269,269
2020-05-11,271,272,270,270
2020-05-12,270,270,270,270
2020-05-13,264,264,262,262
2020-05-14,260,260,260,260
2020-05-15,265,265,261,261
2020-05-18,267,272,267,272
2020-05-19,273,273,271,271
2020-05-20,269,271,269,271
2020-05-21,269,269,269,269
2020-05-22,270,270,270,270
2020-05-25,272,275,272,275
2020-05-26,276,276,274,274
2020-05-27,277,277,273,273
2020-05-28,277,277,276,276
2020-05-29,273,273,272,272
2020-06-02,275,275,274,274
2020-06-03,276,277,276,277
2020-06-04,277,277,276,276
2020-06-05,278,284,278,284
2020-06-08,288,288,283,285
2020-06-09,287,287,283,283
2020-06-10,285,285,282,282
2020-06-11,278,278,272,272
2020-06-12,269,269,269,269
2020-06-15,268,268,268,268
2020-06-16,274,279,274,279
2020-06-17,278,278,278,278
2020-06-18,276,278,276,278
2020-06-19,279,281,279,281
2020-06-22,276,276,276,276
2020-06-23,278,279,278,279
2020-06-24,278,278,272,272
2020-06-25,271,273,271,273
2020-06-26,271,271,271,271
2020-06-29,270,270,270,270
2020-07-02,281,281,281,281
2020-07-06,282,283,282,282
2020-07-07,282,282,282,282
2020-07-08,280,280,279,279
2020-07-09,277,277,277,277
2020-07-10,278,280,278,280
2020-07-13,283,285,283,285
2020-07-14,282,282,278,278
2020-07-15,283,283,283,283
2020-07-16,282,282,282,282
2020-07-17,283,283,283,283
2020-07-20,281,284,281,284
2020-07-21,285,286,285,286
2020-07-22,284,284,283,283
2020-07-23,284,284,284,284
2020-07-24,278,278,278,278
2020-07-27,277,277,275,275
2020-07-28,276,277,276,277
2020-07-29,277,277,277,277
2020-07-30,277,277,275,275
2020-07-31,275,276,275,276
2020-08-03,278,281,278,281
2020-08-04,281,282,281,282
2020-08-05,282,282,281,281
2020-08-06,279,281,279,281
2020-08-07,282,284,282,284
2020-08-10,284,285,284,285
2020-08-11,287,287,287,287
2020-08-12,287,287,287,287
2020-08-13,287,287,287,287
2020-08-14,287,287,287,287
2020-08-17,287,287,287,287
2020-08-18,286,286,285,285
2020-08-19,286,286,286,286
2020-08-20,286,286,286,286
2020-08-21,287,289,287,289
2020-08-24,290,291,290,291
2020-08-25,293,293,292,292
2020-08-26,292,294,292,294
2020-08-27,294,297,294,297
2020-08-28,297,297,295,295
2020-08-31,296,296,294,294
2020-09-01,293,295,293,295
2020-09-02,298,302,298,302
2020-09-03,305,305,295,295
2020-09-04,292,294,287,287
2020-09-07,289,292,289,292
2020-09-08,292,293,287,287
2020-09-09,285,289,285,289
2020-09-10,289,289,288,288
2020-09-11,286,286,285,285
2020-09-14,287,288,287,288
2020-09-15,287,290,287,290
2020-09-16,290,291,290,291
2020-09-17,285,286,285,286
2020-09-18,285,285,283,283
2020-09-21,281,281,277,277
2020-09-22,282,282,282,282
2020-09-23,284,284,284,284
2020-09-24,280,280,280,280
2020-09-25,281,283,281,283
2020-09-28,288,289,288,289
2020-09-29,289,289,286,286
2020-09-30,284,290,284,290
2020-10-01,290,290,290,290
2020-10-02,286,288,286,288
2020-10-05,289,290,288,290
2020-10-06,291,291,291,291
2020-10-07,291,291,291,291
2020-10-08,294,294,294,294
2020-10-09,296,296,295,295
2020-10-12,297,301,297,301
2020-10-13,301,302,301,302
2020-10-14,302,302,300,300
2020-10-15,298,298,298,298
2020-10-16,300,301,300,301
2020-10-19,301,301,297,297
2020-10-20,295,295,293,293
2020-10-21,294,294,292,292
2020-10-22,291,293,291,293
2020-10-23,294,294,294,294
2020-10-27,290,290,289,289
2020-10-28,288,288,282,283
2020-10-29,285,285,285,285
2020-10-30,283,283,283,283
2020-11-02,280,287,280,287
2020-11-03,288,291,288,291
2020-11-04,290,298,290,298
2020-11-05,299,300,299,300
2020-11-06,298,298,297,297
2020-11-09,302,308,302,308
2020-11-10,304,304,302,302
2020-11-11,303,306,303,306
2020-11-12,304,304,304,304
2020-11-13,303,304,303,304
2020-11-16,307,309,307,309
2020-11-17,308,308,307,307
2020-11-18,307,307,307,307
2020-11-19,304,304,303,303
2020-11-23,304,304,304,304
2020-11-24,307,308,306,308
2020-11-25,308,308,307,307
2020-11-26,307,308,307,307
2020-11-27,307,307,307,307
2020-11-30,305,305,304,304
2020-12-01,308,309,307,307
2020-12-02,306,306,306,306
2020-12-03,305,305,305,305
2020-12-04,305,307,305,307
2020-12-07,307,307,307,307
2020-12-08,307,308,306,308
2020-12-09,309,309,309,309
2020-12-10,307,307,306,306
2020-12-11,305,305,304,304
2020-12-14,306,306,306,306
2020-12-15,305,305,304,305
2020-12-16,307,307,307,307
2020-12-17,308,308,306,306
2020-12-18,306,306,305,305
2020-12-21,305,305,303,303
2020-12-22,304,310,304,310
2020-12-23,310,310,306,306
2020-12-28,309,309,309,309
2020-12-29,308,308,308,308
2020-12-30,308,308,308,308
2021-01-04,311,311,304,304
2021-01-05,304,305,304,305
2021-01-07,310,313,310,313
2021-01-08,315,315,314,314
2021-01-11,316,317,316,317
2021-01-12,316,316,316,316
2021-01-13,315,316,314,316
2021-01-14,318,318,318,318
2021-01-15,315,315,315,315
2021-01-18,314,316,314,316
2021-01-19,316,316,316,316
2021-01-20,317,320,317,320
2021-01-21,322,322,321,321
2021-01-22,319,319,319,319
2021-01-25,320,321,318,318
2021-01-26,321,321,320,320
2021-01-27,319,319,317,317
2021-01-28,312,318,311,318
2021-01-29,312,312,311,311
2021-02-01,311,314,311,314
2021-02-02,317,322,317,322
2021-02-03,323,323,322,322
2021-02-04,322,325,322,325
2021-02-05,327,327,326,326
2021-02-08,329,329,327,327
2021-02-09,328,328,326,326
2021-02-10,327,327,325,325
2021-02-11,327,327,326,326
2021-02-12,326,327,326,327
2021-02-15,329,330,329,330
2021-02-17,329,329,328,328
2021-02-18,329,329,327,327
2021-02-19,329,329,329,329
2021-02-22,325,325,323,323
2021-02-23,323,323,320,320
2021-02-24,322,325,322,325
2021-02-25,326,326,322,322
2021-02-26,317,320,317,320
2021-03-01,323,323,323,323
2021-03-02,327,327,325,325
2021-03-03,326,326,323,323
2021-03-04,320,322,320,322
2021-03-05,318,318,318,318
2021-03-08,325,330,325,330
2021-03-09,328,331,328,331
2021-03-10,329,332,329,332
2021-03-11,333,334,332,334
2021-03-12,332,333,332,333
2021-03-15,334,334,334,334
2021-03-16,337,338,337,338
2021-03-17,337,338,337,337
2021-03-18,336,336,336,336
2021-03-19,333,334,333,334
2021-03-22,332,335,332,335
2021-03-23,335,336,335,336
2021-03-24,337,337,337,337
2021-03-25,335,335,334,334
2021-03-26,338,338,338,338
2021-03-29,340,340,340,340
2021-03-30,342,342,342,342
2021-03-31,342,343,342,343
2021-04-01,345,345,345,345
2021-04-06,349,349,349,349
2021-04-07,347,347,347,347
2021-04-08,349,349,348,348
2021-04-09,349,350,349,350
2021-04-12,351,351,351,351
2021-04-13,352,352,352,352
2021-04-14,351,351,351,351
2021-04-15,350,352,350,352
2021-04-16,353,353,353,353
2021-04-19,353,353,353,353
2021-04-20,350,350,350,350
2021-04-21,350,350,350,350
2021-04-22,351,352,351,352
2021-04-23,349,351,349,351
2021-04-26,350,352,350,352
2021-04-27,352,352,352,352
2021-04-28,353,353,351,351
2021-04-29,352,352,351,351
2021-04-30,352,352,352,352
2021-05-03,353,353,352,352
2021-05-04,353,353,349,349
2021-05-05,353,354,353,353
2021-05-06,352,352,350,350
2021-05-07,353,353,353,353
2021-05-10,353,353,352,353
2021-05-11,349,349,346,346
2021-05-12,347,347,345,345
2021-05-13,341,345,341,345
2021-05-14,346,348,346,348
2021-05-17,348,348,346,346
2021-05-18,348,348,346,346
2021-05-19,340,340,338,339
2021-05-20,342,345,342,345
2021-05-21,346,347,346,347
2021-05-25,349,349,348,348
2021-05-27,348,350,348,350
2021-05-28,351,352,351,351
2021-05-31,348,348,348,348
2021-06-01,349,349,349,349
2021-06-02,349,350,349,350
2021-06-03,351,351,351,351
2021-06-04,352,352,352,352
2021-06-07,353,353,351,351
2021-06-08,352,353,351,351
2021-06-09,353,353,353,353
2021-06-10,353,353,353,353
2021-06-11,353,356,353,356
2021-06-14,357,357,355,355
2021-06-15,357,357,355,355
2021-06-18,357,357,357,357
2021-06-21,359,359,359,359
2021-06-22,361,362,361,362
2021-06-23,362,362,361,361
2021-06-24,361,363,361,363
2021-06-25,364,364,364,364
2021-06-28,364,364,364,364
2021-06-29,365,366,365,366
2021-06-30,368,368,368,368
2021-07-01,369,369,369,369
2021-07-05,372,373,372,373
2021-07-06,372,372,372,372
2021-07-07,373,374,373,374
2021-07-08,373,373,370,370
2021-07-09,374,374,374,374
2021-07-12,374,375,374,375
2021-07-13,375,378,375,378
2021-07-14,376,376,376,376
2021-07-15,375,375,375,375
2021-07-16,375,375,374,374
2021-07-19,372,372,367,367
2021-07-20,369,372,369,372
2021-07-21,374,374,374,374
2021-07-22,376,376,376,376
2021-07-23,378,381,378,381
2021-07-26,380,380,380,380
2021-07-27,380,380,377,377
2021-07-28,379,379,379,379
2021-07-29,378,378,378,378
2021-07-30,375,377,375,377
2021-08-02,378,378,378,378
2021-08-03,376,376,376,376
2021-08-04,378,379,378,378
2021-08-05,378,380,378,380
2021-08-06,380,383,380,383
2021-08-09,384,384,383,383
2021-08-10,385,385,385,385
2021-08-11,385,386,385,385
2021-08-12,385,385,385,385
2021-08-13,385,385,385,385
2021-08-16,384,384,384,384
2021-08-17,386,386,386,386
2021-08-18,386,386,386,386
2021-08-19,380,383,380,383
2021-08-20,383,386,383,386
2021-08-23,387,389,387,389
2021-08-24,389,389,388,388
2021-08-25,389,389,389,389
2021-08-26,388,388,387,387
2021-08-27,387,387,387,387
2021-08-30,391,391,391,391
2021-08-31,391,391,390,390
2021-09-01,391,391,389,389
2021-09-02,389,390,389,390
2021-09-03,389,390,388,388
2021-09-06,390,390,390,390
2021-09-07,389,389,388,388
2021-09-08,388,388,388,388
2021-09-09,387,389,387,389
2021-09-10,388,388,385,385
2021-09-13,387,387,385,385
2021-09-14,385,385,384,384
2021-09-15,384,384,384,384
2021-09-16,387,387,386,386
2021-09-17,387,387,385,385
2021-09-20,381,381,378,378
2021-09-21,381,381,379,379
2021-09-22,380,382,380,382
2021-09-23,384,386,384,386
2021-09-24,385,386,385,386
2021-09-27,389,389,387,387
2021-09-28,386,386,380,380
2021-09-29,382,383,382,383
2021-09-30,386,386,383,383
2021-10-01,380,380,380,380
2021-10-04,381,381,376,376
2021-10-05,378,382,378,382
2021-10-06,380,381,380,381
2021-10-07,387,390,387,390
2021-10-08,389,389,388,388
2021-10-11,385,388,385,388
2021-10-12,381,385,381,385
2021-10-13,383,383,382,382
2021-10-14,385,389,385,389
2021-10-15,391,392,391,392
2021-10-18,393,393,393,393
2021-10-19,393,395,393,395
2021-10-20,395,397,395,397
2021-10-21,396,396,396,396
2021-10-22,397,398,397,397
2021-10-25,400,400,400,400
2021-10-27,402,402,402,402
2021-10-28,400,400,400,400
2021-10-29,399,405,399,405
2021-11-01,408,408,405,405
2021-11-02,405,407,405,407
2021-11-03,407,407,407,407
2021-11-04,411,413,411,413
2021-11-05,412,416,412,416
2021-11-08,414,414,413,414
2021-11-09,413,413,412,412
2021-11-10,413,414,413,414
2021-11-11,412,414,412,414
2021-11-12,414,417,414,417
2021-11-15,417,418,417,418
2021-11-16,418,423,418,423
2021-11-17,424,424,424,424
2021-11-18,424,424,422,422
2021-11-19,424,425,424,425
2021-11-22,425,431,425,429
2021-11-23,424,424,424,424
2021-11-24,425,428,425,428
2021-11-25,429,429,428,428
2021-11-26,420,420,414,414
2021-11-29,418,420,418,420
2021-11-30,420,420,415,415
2021-12-01,414,418,414,418
2021-12-02,409,411,407,411
2021-12-03,415,415,410,410
2021-12-06,413,414,413,414
2021-12-07,419,425,419,425
2021-12-08,425,425,422,422
2021-12-09,423,424,423,424
2021-12-10,422,425,422,422
2021-12-13,423,423,423,423
2021-12-14,424,424,419,419
2021-12-15,421,421,418,418
2021-12-16,427,427,425,425
2021-12-17,421,422,421,422
2021-12-20,414,414,410,410
2021-12-21,416,418,416,417
2021-12-22,420,422,420,422
2021-12-23,424,427,424,427
2021-12-27,430,430,430,430
2021-12-28,432,433,432,432
2021-12-29,433,433,431,431
2021-12-30,433,433,432,432
2022-01-03,432,432,430,432
2022-01-04,435,436,433,433
2022-01-05,433,433,432,432
2022-01-06,425,425,425,425
2022-01-10,427,427,416,416
2022-01-11,421,423,421,421
2022-01-12,425,425,423,423
2022-01-13,422,422,421,421
2022-01-14,416,416,414,415
2022-01-17,417,418,417,418
2022-01-18,416,416,413,413
2022-01-19,412,412,412,412
2022-01-20,410,414,410,414
2022-01-21,403,403,402,402
2022-01-24,387,387,387,387
2022-01-25,395,395,390,392
2022-01-26,401,401,401,401
2022-01-27,403,403,403,403
2022-01-28,400,400,397,399
2022-01-31,407,407,407,407
2022-02-01,411,411,409,409
2022-02-02,414,414,412,412
2022-02-03,414,414,404,404
2022-02-04,399,399,399,399
2022-02-07,402,402,402,402
2022-02-08,404,404,404,404
2022-02-09,409,409,409,409
2022-02-10,409,409,406,406
2022-02-11,404,404,403,403
2022-02-14,399,399,399,399
2022-02-15,398,402,398,402
2022-02-16,400,400,400,400
2022-02-17,398,398,398,398
2022-02-18,397,397,394,394
2022-02-21,390,390,389,389
2022-02-22,391,391,390,390
2022-02-23,391,391,387,387
2022-02-24,383,383,383,383
2022-02-25,396,396,396,396
2022-02-28,396,399,396,399
2022-03-01,398,398,398,398
2022-03-02,404,404,404,404
2022-03-03,404,404,404,404
2022-03-04,403,403,402,402
2022-03-07,401,404,400,402
2022-03-08,391,391,391,391
2022-03-09,396,396,394,394
2022-03-10,394,394,392,392
2022-03-11,398,398,398,398
2022-03-14,398,398,392,392
2022-03-15,386,397,386,397
2022-03-16,403,403,403,403
2022-03-17,405,405,403,403
2022-03-18,410,410,410,410
2022-03-21,413,413,413,413
2022-03-22,418,418,418,418
2022-03-23,425,425,418,418
2022-03-24,418,418,418,418
2022-03-25,418,421,418,421
2022-03-28,425,425,423,423
2022-03-29,426,426,425,425
2022-03-30,423,423,423,423
2022-03-31,423,424,423,424
2022-04-01,421,421,421,421
2022-04-04,422,426,422,426
2022-04-05,428,428,428,428
2022-04-06,426,426,419,419
2022-04-07,423,423,419,419
2022-04-08,425,425,425,425
2022-04-11,418,418,418,418
2022-04-12,418,421,418,421
2022-04-13,418,418,418,418
2022-04-14,418,421,417,421
2022-04-19,417,422,417,422
2022-04-20,422,422,422,422
2022-04-21,423,423,423,423
2022-04-22,416,416,412,412
2022-04-25,413,413,413,413
2022-04-26,405,405,405,405
2022-04-27,404,410,404,410
2022-04-28,411,411,411,411
2022-04-29,412,412,411,411
2022-05-02,404,404,401,401
2022-05-03,406,408,406,408
2022-05-04,403,403,403,403
2022-05-05,406,406,406,406
2022-05-06,401,401,401,401
2022-05-09,402,402,390,390
2022-05-10,388,388,388,388
2022-05-11,391,391,391,391
2022-05-12,387,387,387,387
2022-05-13,391,396,391,396
2022-05-16,396,396,394,394
2022-05-19,380,380,379,379
2022-05-20,377,377,377,377
2022-05-23,377,381,377,381
2022-05-24,372,372,372,372
2022-05-25,381,381,381,381
2022-05-26,387,387,387,387
2022-05-27,395,395,395,395
2022-05-30,398,398,398,398
2022-05-31,394,394,394,394
2022-06-01,395,395,395,395
2022-06-02,394,394,394,394
2022-06-03,393,393,393,393
2022-06-07,395,395,395,395
2022-06-08,398,398,398,398
2022-06-09,394,394,394,394
2022-06-10,395,395,381,381
2022-06-13,379,379,371,371
2022-06-14,372,372,369,369
2022-06-15,368,372,368,372
2022-06-16,368,368,360,360
2022-06-17,362,362,362,362
2022-06-20,362,362,362,362
2022-06-21,367,367,367,367
2022-06-22,367,367,367,367
2022-06-23,369,369,369,369
2022-06-24,378,378,378,378
2022-06-27,382,382,380,380
2022-06-28,378,378,378,378
2022-06-29,374,374,374,374
2022-07-01,369,374,369,373
2022-07-04,376,376,376,376
2022-07-05,376,376,376,376
2022-07-06,384,385,384,385
2022-07-07,393,393,393,393
2022-07-08,396,396,395,395
2022-07-11,394,394,394,394
2022-07-12,395,395,395,395
2022-07-13,387,387,387,387
2022-07-14,385,385,385,385
2022-07-15,393,393,393,393
2022-07-18,395,395,393,393
2022-07-19,393,393,393,393
2022-07-20,400,400,400,400
2022-07-21,399,399,399,399
2022-07-22,400,400,400,400
2022-07-25,400,400,400,400
2022-07-26,398,398,398,398
2022-07-27,404,404,404,404
2022-07-28,405,409,405,409
2022-07-29,413,413,413,413
2022-08-01,415,415,414,414
2022-08-02,420,420,414,414
2022-08-03,420,420,420,420
2022-08-04,422,422,417,417
2022-08-05,417,417,417,417
2022-08-08,420,420,420,420
2022-08-09,416,416,416,416
2022-08-10,418,418,418,418
2022-08-11,422,422,422,422
2022-08-12,426,426,426,426
2022-08-15,430,431,429,431
2022-08-16,435,435,435,435
2022-08-17,433,433,432,432
2022-08-18,435,435,435,435
2022-08-19,433,433,433,433
2022-08-22,431,431,431,431
2022-08-23,426,426,426,426
2022-08-24,429,429,429,429
2022-08-25,430,430,430,430
2022-08-26,424,424,424,424
2022-08-29,415,415,415,415
2022-08-30,410,410,410,410
2022-08-31,407,407,407,407
2022-09-01,403,405,403,405
2022-09-02,412,412,412,412
2022-09-05,408,408,408,408
2022-09-06,408,408,408,408
2022-09-07,409,409,409,409
2022-09-08,410,414,410,414
2022-09-09,416,416,416,416
2022-09-12,416,418,416,418
2022-09-13,420,420,410,410
2022-09-14,407,407,407,407
2022-09-15,405,405,405,405
2022-09-16,396,396,396,396
2022-09-19,397,398,397,398
2022-09-20,403,403,399,399
2022-09-21,404,404,404,404
2022-09-22,394,394,394,394
2022-09-23,391,391,391,391
2022-09-26,390,393,390,393
2022-09-27,393,393,393,393
2022-09-28,392,394,392,394
2022-09-29,384,384,384,384
2022-09-30,385,386,385,386
2022-10-03,395,395,379,384
2022-10-04,389,391,389,391
2022-10-05,391,391,391,391
2022-10-06,396,396,396,396
2022-10-07,387,387,387,387
2022-10-10,385,385,385,385
2022-10-11,383,383,383,383
2022-10-12,383,383,382,382
2022-10-13,382,382,382,382
2022-10-14,385,385,385,385
2022-10-17,386,386,386,386
2022-10-18,391,391,388,388
2022-10-19,391,391,391,391
2022-10-20,390,390,390,390
2022-10-21,388,388,388,388
2022-10-24,395,395,395,395
2022-10-25,398,398,398,398
2022-10-27,394,396,394,396
2022-10-28,401,401,401,401
2022-10-31,405,405,405,405
2022-11-01,410,410,403,403
2022-11-02,401,401,401,401
2022-11-03,396,396,396,396
2022-11-04,389,389,389,389
2022-11-07,386,391,386,391
2022-11-08,386,394,386,394
2022-11-09,386,391,386,391
2022-11-10,386,398,386,398
2022-11-11,395,395,395,395
2022-11-14,398,398,397,397
2022-11-15,399,399,399,399
2022-11-16,397,397,394,394
2022-11-17,386,392,386,392
2022-11-18,386,395,386,395
2022-11-21,386,386,386,386
2022-11-22,386,400,386,400
2022-11-23,402,402,402,402
2022-11-24,401,401,401,401
2022-11-25,400,400,400,400
2022-11-28,397,397,397,397
2022-11-29,394,394,394,394
2022-11-30,386,396,386,396
2022-12-01,401,401,401,401
2022-12-02,399,399,399,399
2022-12-05,405,405,396,396
2022-12-06,389,389,389,389
2022-12-07,386,387,386,387
2022-12-08,386,386,386,386
2022-12-09,386,390,386,390
2022-12-12,386,388,386,388
2022-12-13,386,393,386,393
2022-12-14,392,393,392,393
2022-12-15,386,386,379,379
2022-12-16,380,380,375,375
2022-12-19,374,374,374,374
2022-12-20,371,371,371,371
2022-12-21,374,379,374,379
2022-12-22,386,386,372,372
2022-12-23,373,373,373,373
2022-12-27,377,377,373,373
2022-12-29,373,373,373,373
2023-01-02,373,379,373,379
2023-01-03,374,374,374,374
2023-01-04,377,377,377,377
2023-01-05,376,376,374,374
2023-01-06,377,377,377,377
2023-01-09,378,380,378,380
2023-01-10,375,376,375,376
2023-01-11,379,380,379,380
2023-01-12,386,386,380,380
2023-01-13,386,386,380,380
2023-01-16,385,385,382,382
2023-01-17,386,386,383,383
2023-01-18,386,386,379,379
2023-01-19,386,386,373,373
2023-01-20,376,376,376,376
2023-01-23,380,383,380,383
2023-01-24,386,386,382,382
2023-01-25,386,386,378,378
2023-01-26,386,386,384,384
2023-01-27,386,388,386,388
2023-01-30,386,386,386,386
2023-01-31,386,386,386,386
2023-02-01,388,388,386,386
2023-02-02,386,396,386,396
2023-02-03,399,399,399,399
2023-02-06,398,398,398,398
2023-02-07,398,398,398,398
2023-02-08,401,401,398,398
2023-02-09,398,398,398,398
2023-02-10,393,395,393,395
2023-02-13,399,399,399,399
2023-02-14,399,399,397,397
2023-02-15,401,401,401,401
2023-02-16,400,400,400,400
2023-02-17,394,394,394,394
2023-02-20,395,395,395,395
2023-02-21,390,390,390,390
2023-02-22,390,390,390,390
2023-02-23,393,393,390,390
2023-02-24,393,393,389,389
2023-02-27,391,391,391,391
2023-02-28,389,389,389,389
2023-03-01,388,388,384,384
2023-03-02,386,386,386,386
2023-03-03,393,393,393,393
2023-03-06,396,396,396,396
2023-03-07,393,393,393,393
2023-03-08,392,393,392,392
2023-03-09,392,392,392,392
2023-03-10,379,382,379,382
2023-03-13,375,375,375,375
2023-03-14,380,380,380,380
2023-03-15,380,380,380,380
2023-03-16,385,385,385,385
2023-03-17,383,383,383,383
2023-03-21,384,384,384,384
2023-03-22,385,385,385,385
2023-03-23,381,381,381,381
2023-03-24,380,380,380,380
2023-03-27,385,385,384,384
2023-03-28,381,381,381,381
2023-03-29,384,384,384,384
2023-03-30,386,386,386,386
2023-03-31,387,390,387,390
2023-04-03,393,393,392,392
2023-04-04,389,389,389,389
2023-04-05,388,388,388,388
2023-04-06,389,389,389,389
2023-04-11,393,393,392,392
2023-04-12,391,391,389,389
2023-04-13,387,387,387,387
2023-04-14,387,391,387,391
2023-04-17,394,394,394,394
2023-04-18,393,393,393,393
2023-04-19,393,393,393,393
2023-04-20,393,393,391,391
2023-04-21,391,391,391,391
2023-04-25,400,400,389,389
2023-04-26,384,384,384,384
2023-04-27,385,387,385,387
2023-04-28,391,391,391,391
2023-05-02,388,388,388,388
2023-05-03,387,387,387,387
2023-05-04,384,384,384,384
2023-05-05,389,389,389,389
2023-05-08,390,390,390,390
2023-05-09,391,391,391,391
2023-05-10,391,391,391,391
2023-05-11,404,404,393,393
2023-05-12,394,394,394,394
2023-05-15,394,395,394,395
2023-05-16,394,395,394,395
2023-05-17,394,397,394,397
2023-05-18,404,404,404,404
2023-05-19,405,405,403,403
2023-05-22,404,404,404,404
2023-05-23,404,405,404,404
2023-05-24,398,398,398,398
2023-05-25,402,402,402,402
2023-05-26,408,408,408,408
2023-05-29,410,410,410,410
2023-05-30,411,411,411,411
2023-05-31,409,409,407,407
2023-06-01,408,408,408,408
2023-06-02,411,414,411,414
2023-06-05,417,417,417,417
2023-06-06,417,417,417,417
2023-06-07,417,417,417,417
2023-06-08,413,414,413,414
2023-06-12,416,418,416,418
2023-06-13,422,422,422,422
2023-06-14,421,421,421,421
2023-06-15,420,420,420,420
2023-06-16,422,422,422,422
2023-06-19,421,421,420,420
2023-06-20,418,418,418,418
2023-06-21,416,416,416,416
2023-06-22,415,415,415,415
2023-06-27,414,414,414,414
2023-06-28,418,418,418,418
2023-06-29,420,420,420,420
2023-06-30,422,424,422,424
2023-07-03,424,427,424,425
2023-07-04,426,426,426,426
2023-07-05,426,427,426,427
2023-07-06,425,425,421,421
2023-07-07,416,420,416,420
2023-07-10,417,418,417,418
2023-07-11,419,419,419,419
2023-07-12,420,420,420,420
2023-07-14,419,419,419,419
2023-07-17,419,419,419,419
2023-07-18,419,421,419,421
2023-07-19,426,426,426,426
2023-07-20,426,426,426,426
2023-07-21,426,427,426,427
2023-07-24,429,429,429,429
2023-07-25,431,431,431,431
2023-07-26,429,429,429,429
2023-07-27,431,431,431,431
2023-07-28,434,434,434,434
2023-07-31,433,433,433,433
2023-08-01,435,435,435,435
2023-08-04,428,428,428,428
2023-08-07,428,428,426,426
2023-08-08,426,426,426,426
2023-08-09,425,425,425,425
2023-08-10,425,426,425,426
2023-08-11,424,424,424,424
2023-08-14,428,428,428,428
2023-08-15,426,426,426,426
2023-08-16,424,425,424,425
2023-08-17,424,424,423,423
2023-08-18,419,419,419,419
2023-08-21,420,421,419,419
2023-08-22,422,424,422,424
2023-08-23,426,426,426,426
2023-08-24,425,425,425,425
2023-08-25,424,424,424,424
2023-08-28,427,427,427,427
2023-08-29,431,431,431,431
2023-08-30,431,431,431,431
2023-08-31,434,436,434,436
2023-09-01,437,437,437,437
2023-09-04,437,437,437,437
2023-09-05,440,440,440,440
2023-09-06,435,435,435,435
2023-09-08,436,436,436,436
2023-09-11,435,435,435,435
2023-09-12,436,436,436,436
2023-09-13,436,436,436,436
2023-09-15,442,442,437,437
2023-09-18,437,437,436,436
2023-09-19,433,433,433,433
2023-09-20,433,434,433,434
2023-09-22,427,427,427,427
2023-09-25,428,428,428,428
2023-09-26,423,423,423,423
2023-09-27,425,425,425,425
2023-09-28,426,426,426,426
2023-09-29,427,427,427,427
2023-10-02,426,428,426,428
2023-10-03,422,422,422,422
2023-10-04,422,422,422,422
2023-10-05,420,420,420,420
2023-10-06,424,424,424,424
2023-10-09,427,427,427,427
2023-10-10,432,432,432,432
2023-10-11,429,429,429,429
2023-10-12,434,434,434,434
2023-10-13,432,432,432,432
2023-10-17,433,433,433,433
2023-10-18,431,431,431,431
2023-10-19,427,427,427,427
2023-10-20,418,418,418,418
2023-10-23,417,417,417,417
2023-10-24,419,419,419,419
2023-10-25,417,417,417,417
2023-10-27,410,410,410,410
2023-10-30,409,409,409,409
2023-10-31,413,413,413,413
2023-11-01,418,418,418,418
2023-11-02,420,424,420,424
2023-11-03,430,430,425,426
2023-11-06,425,425,425,425
2023-11-07,429,429,429,429
2023-11-09,429,429,428,428
2023-11-10,427,429,427,429
2023-11-13,432,432,432,432
2023-11-14,435,435,435,435
2023-11-15,435,435,435,435
2023-11-16,433,433,433,433
2023-11-17,433,433,433,433
2023-11-20,434,434,434,434
2023-11-21,434,434,434,434
2023-11-22,435,435,435,435
2023-11-23,438,438,438,438
2023-11-24,438,438,436,436
2023-11-27,437,437,436,436
2023-11-28,435,435,435,435
2023-11-29,435,435,435,435
2023-11-30,438,438,437,437
2023-12-01,442,442,442,442
2023-12-04,442,442,441,441
2023-12-05,442,443,441,443
2023-12-06,445,445,444,444
2023-12-07,445,445,445,445
2023-12-08,447,447,447,447
2023-12-11,449,449,449,449
2023-12-12,450,450,450,450
2023-12-13,452,452,452,452
2023-12-14,451,451,451,451
2023-12-15,454,454,454,454
2023-12-18,456,456,456,456
2023-12-19,455,455,455,455
2023-12-20,456,456,456,456
2023-12-21,452,452,452,452
2023-12-22,454,454,454,454
2023-12-27,451,451,451,451
2023-12-28,452,454,452,454
2024-01-02,455,455,454,454
2024-01-03,454,454,453,453
2024-01-04,454,454,452,452
2024-01-05,451,451,451,451
2024-01-08,450,451,450,451
2024-01-09,451,456,451,456
2024-01-10,456,456,456,456
2024-01-11,458,458,455,455
2024-01-12,458,458,458,458
2024-01-15,458,458,458,458
2024-01-16,459,460,459,460
2024-01-17,459,459,459,459
2024-01-18,460,460,460,460
2024-01-19,462,463,462,463
2024-01-22,468,468,468,468
2024-01-25,470,470,470,470
2024-01-30,476,477,476,477
2024-02-07,483,486,483,486
2024-02-08,488,488,486,486
2024-02-09,488,490,488,488
2024-02-12,490,491,490,491
2024-02-13,488,488,487,487
2024-02-14,488,488,488,488
2024-02-21,483,483,483,483
2024-02-22,487,492,487,492
2024-02-23,494,494,494,494
2024-02-28,494,494,492,492
2024-03-06,493,494,493,494
2024-03-07,495,495,495,495
2024-03-08,496,496,495,495
2024-03-11,492,492,492,492
2024-03-12,494,497,493,497
2024-03-13,497,497,497,497
2024-03-15,499,499,494,494
2024-03-20,501,501,501,501
2024-03-21,506,510,506,510
2024-03-22,509,509,509,509
2024-03-28,512,512,512,512
2024-04-02,510,510,508,508
2024-04-03,508,508,508,508
2024-04-04,508,508,508,508
2024-04-05,501,505,501,505
2024-04-08,505,505,505,505
2024-04-09,504,504,504,504
2024-04-10,506,506,506,506
2024-04-11,506,507,506,507
2024-04-15,508,508,508,508
2024-04-16,506,506,501,501
2024-04-17,501,501,501,501
2024-04-18,498,498,498,498
2024-04-19,493,493,493,493
2024-04-22,492,492,492,492
2024-04-24,500,500,498,498
2024-04-25,495,495,492,492
2024-04-26,502,502,502,502
2024-04-30,504,504,500,500
2024-05-02,500,500,496,496
2024-05-07,508,508,508,508
2024-05-08,508,508,508,508
2024-05-10,511,511,511,511
2024-05-13,511,511,509,509
2024-05-15,511,514,511,514
2024-05-17,514,514,513,513
2024-05-20,515,515,515,515
2024-05-21,515,516,515,516
2024-05-22,517,517,517,517
2024-05-23,517,517,517,517
2024-05-24,513,516,513,516
2024-05-28,516,516,516,516
2024-05-29,516,516,514,514
2024-05-30,512,512,511,511
2024-05-31,507,507,505,505
2024-06-03,510,511,510,511
2024-06-04,510,510,510,510
2024-06-05,513,517,513,517
2024-06-06,519,519,519,519
2024-06-07,523,523,523,523
2024-06-10,524,526,524,526
2024-06-11,525,526,525,526
2024-06-13,531,531,531,531
2024-06-14,535,535,535,535
2024-06-17,534,534,534,534
2024-06-18,538,538,538,538
2024-06-19,539,539,539,539
2024-06-20,540,541,540,541
2024-06-24,539,539,539,539
2024-06-25,539,539,539,539
2024-06-26,539,539,539,539
2024-06-27,539,539,539,539
2024-06-28,541,541,541,541
2024-07-01,541,541,541,541
2024-07-02,541,541,539,539
2024-07-03,541,541,539,539
2024-07-04,540,540,540,540
2024-07-05,540,541,540,541
2024-07-08,542,542,542,542
2024-07-09,542,545,542,544
2024-07-10,544,545,544,545
2024-07-11,549,549,549,549
2024-07-12,542,545,542,545
2024-07-15,546,547,545,547
2024-07-16,546,548,546,548
2024-07-17,543,543,541,541
2024-07-18,542,542,537,537
2024-07-19,537,539,534,534
2024-07-22,536,537,536,537
2024-07-23,539,543,539,543
2024-07-24,538,538,532,532
2024-07-25,529,530,528,530
2024-07-26,530,530,528,529
2024-07-29,533,534,532,532
2024-07-30,534,534,534,534
2024-07-31,535,540,535,540
2024-08-01,542,543,536,536
2024-08-02,527,527,513,513
2024-08-05,480,503,480,501
2024-08-06,506,507,503,503
2024-08-07,512,513,512,512
2024-08-08,502,513,502,513
2024-08-09,517,517,514,515
2024-08-12,517,518,516,516
2024-08-13,519,521,517,521
2024-08-14,521,522,521,522
2024-08-15,524,532,523,532
2024-08-16,534,534,533,533
2024-08-19,531,531,531,531
2024-08-20,535,535,535,535
2024-08-21,532,533,532,532
2024-08-22,534,535,533,533
2024-08-23,531,531,531,531
2024-08-26,534,534,531,531
2024-08-27,532,532,531,531
2024-08-28,534,535,534,535
2024-08-29,534,538,534,538
2024-08-30,536,537,534,534
2024-09-02,538,539,538,539
2024-09-03,538,539,533,533
2024-09-04,527,528,527,527
2024-09-05,526,526,524,524
2024-09-06,520,525,520,525
2024-09-09,521,522,521,522
2024-09-10,524,526,523,526
2024-09-11,524,527,522,522
2024-09-12,520,534,520,533
2024-09-13,540,540,537,537
2024-09-16,535,535,534,534
2024-09-17,536,537,536,537
2024-09-18,536,536,536,536
2024-09-19,540,542,540,542
2024-09-20,541,541,540,540
2024-09-23,544,544,543,544
2024-09-24,545,545,541,543
2024-09-25,542,543,542,543
2024-09-26,548,548,543,543
2024-09-27,545,545,544,545
2024-09-30,541,545,541,545
